{
	"textures": {
		"0": "mrcl/usedcolor2",
		"particle": "mrcl/usedcolor2"
	},
	"elements": [
		{
			"name": "hexadecagon",
			"from": [
				1.431858763851035,
				8.866825345469527,
				5.289259698275892
			],
			"to": [
				3.080537832973455,
				9.140148315014361,
				6.445509698275892
			],
			"rotation": {
				"angle": 0,
				"axis": "z",
				"origin": [
					2.54895297146472,
					4.9925944197262755,
					10.041259698275892
				]
			},
			"faces": {
				"north": {
					"uv": [0, 0, 16, 16],
					"texture": "#0",
					"rotation": 90
				},
				"east": {
					"uv": [0, 0, 16, 16],
					"texture": "#0",
					"rotation": 270
				},
				"south": {
					"uv": [0, 0, 16, 16],
					"texture": "#0",
					"rotation": 270
				},
				"west": {
					"uv": [0, 0, 16, 16],
					"texture": "#0",
					"rotation": 270
				},
				"up": {
					"uv": [0, 0, 16, 16],
					"texture": "#0",
					"rotation": 270
				},
				"down": {
					"uv": [0, 0, 16, 16],
					"texture": "#0",
					"rotation": 270
				}
			}
		},
		{
			"name": "hexadecagon",
			"from": [
				13.363354099697032,
				6.879644154640797,
				5.291259698275894
			],
			"to": [
				17.064975398915152,
				7.152967124185631,
				6.447509698275894
			],
			"rotation": {
				"angle": 0,
				"axis": "z",
				"origin": [
					16.464938057581534,
					3.0054132288975453,
					10.041259698275894
				]
			},
			"faces": {
				"north": {
					"uv": [0, 0, 16, 16],
					"texture": "#0",
					"rotation": 270
				},
				"east": {
					"uv": [0, 0, 16, 16],
					"texture": "#0",
					"rotation": 90
				},
				"south": {
					"uv": [0, 0, 16, 16],
					"texture": "#0",
					"rotation": 90
				},
				"west": {
					"uv": [0, 0, 16, 16],
					"texture": "#0",
					"rotation": 90
				},
				"up": {
					"uv": [0, 0, 16, 16],
					"texture": "#0",
					"rotation": 90
				},
				"down": {
					"uv": [0, 0, 16, 16],
					"texture": "#0",
					"rotation": 90
				}
			}
		}
	],
	"display": {
		"head": {
			"scale": [1.6, 1.6, 1.6],
			"translation": [0, -4.5, 0]
		},
		"thirdperson_righthand": {"scale": [0.3, 0.3, 0.3]},
		"thirdperson_lefthand": {"scale": [0.3, 0.3, 0.3]},
		"firstperson_righthand": {"scale": [0.3, 0.3, 0.3]},
		"firstperson_lefthand": {"scale": [0.3, 0.3, 0.3]},
		"ground": {"scale": [0.3, 0.3, 0.3]},
		"fixed": {"scale": [0.3, 0.3, 0.3]},
		"gui": {"scale": [0.2, 0.2, 0.2]}
	},
	"groups": [
		{
			"name": "hexadecagon",
			"isOpen": true,
			"shade": true,
			"display": {"visibility": true, "autouv": false},
			"children": [0, 1]
		}
	]
}