{
	"textures": {
		"0": "mrcl/usedcolor2",
		"particle": "mrcl/usedcolor2"
	},
	"elements": [
		{
			"name": "hexadecagon",
			"from": [
				23.02790169294486,
				-5.254051950071119,
				5.289259698275892
			],
			"to": [
				24.301866599583064,
				-4.980728980526285,
				6.445509698275892
			],
			"rotation": {
				"angle": 0,
				"axis": "z",
				"origin": [
					23.692557325860932,
					-9.12828287581437,
					10.041259698275892
				]
			},
			"faces": {
				"north": {
					"uv": [0, 0, 16, 16],
					"texture": "#0",
					"rotation": 90
				},
				"east": {
					"uv": [0, 0, 16, 16],
					"texture": "#0",
					"rotation": 270
				},
				"south": {
					"uv": [0, 0, 16, 16],
					"texture": "#0",
					"rotation": 270
				},
				"west": {
					"uv": [0, 0, 16, 16],
					"texture": "#0",
					"rotation": 90
				},
				"up": {
					"uv": [0, 0, 16, 16],
					"texture": "#0",
					"rotation": 270
				},
				"down": {
					"uv": [0, 0, 16, 16],
					"texture": "#0",
					"rotation": 270
				}
			}
		},
		{
			"name": "hexadecagon",
			"from": [
				20.322483763851036,
				-4.508174654530473,
				5.289259698275892
			],
			"to": [
				22.268037832973455,
				-4.234851684985639,
				6.445509698275892
			],
			"rotation": {
				"angle": 45,
				"axis": "z",
				"origin": [
					21.548952971464722,
					-8.382405580273725,
					10.041259698275892
				]
			},
			"faces": {
				"north": {
					"uv": [0, 0, 16, 16],
					"texture": "#0",
					"rotation": 90
				},
				"east": {
					"uv": [0, 0, 16, 16],
					"texture": "#0",
					"rotation": 270
				},
				"south": {
					"uv": [0, 0, 16, 16],
					"texture": "#0",
					"rotation": 270
				},
				"west": {
					"uv": [0, 0, 16, 16],
					"texture": "#0",
					"rotation": 270
				},
				"up": {
					"uv": [0, 0, 16, 16],
					"texture": "#0",
					"rotation": 270
				},
				"down": {
					"uv": [0, 0, 16, 16],
					"texture": "#0",
					"rotation": 270
				}
			}
		}
	],
	"display": {
		"head": {
			"scale": [1.6, 1.6, 1.6],
			"translation": [25.75, 21.5, 0]
		},
		"thirdperson_righthand": {"scale": [0.3, 0.3, 0.3]},
		"thirdperson_lefthand": {"scale": [0.3, 0.3, 0.3]},
		"firstperson_righthand": {"scale": [0.3, 0.3, 0.3]},
		"firstperson_lefthand": {"scale": [0.3, 0.3, 0.3]},
		"ground": {"scale": [0.3, 0.3, 0.3]},
		"fixed": {"scale": [0.3, 0.3, 0.3]},
		"gui": {"scale": [0.2, 0.2, 0.2]}
	},
	"groups": [
		{
			"name": "hexadecagon",
			"isOpen": true,
			"shade": true,
			"display": {"visibility": true, "autouv": false},
			"children": [0, 1]
		}
	]
}