{
	"textures": {
		"0": "mrcl/usedcolor2",
		"particle": "mrcl/usedcolor2"
	},
	"elements": [
		{
			"name": "hexadecagon",
			"from": [
				22.957104099697034,
				-9.370355845359203,
				5.291259698275894
			],
			"to": [
				26.674350398915152,
				-9.097032875814369,
				6.447509698275894
			],
			"rotation": {
				"angle": 0,
				"axis": "z",
				"origin": [
					26.027438057581534,
					-13.244586771102455,
					10.041259698275894
				]
			},
			"faces": {
				"north": {
					"uv": [0, 0, 16, 16],
					"texture": "#0",
					"rotation": 270
				},
				"east": {
					"uv": [0, 0, 16, 16],
					"texture": "#0",
					"rotation": 90
				},
				"south": {
					"uv": [0, 0, 16, 16],
					"texture": "#0",
					"rotation": 90
				},
				"west": {
					"uv": [0, 0, 16, 16],
					"texture": "#0",
					"rotation": 90
				},
				"up": {
					"uv": [0, 0, 16, 16],
					"texture": "#0",
					"rotation": 90
				},
				"down": {
					"uv": [0, 0, 16, 16],
					"texture": "#0",
					"rotation": 90
				}
			}
		},
		{
			"name": "hexadecagon",
			"from": [
				16.353733763851036,
				-7.383174654530473,
				5.289259698275892
			],
			"to": [
				18.002412832973455,
				-7.109851684985639,
				6.445509698275892
			],
			"rotation": {
				"angle": 0,
				"axis": "z",
				"origin": [
					17.470827971464722,
					-11.257405580273725,
					10.041259698275892
				]
			},
			"faces": {
				"north": {
					"uv": [0, 0, 16, 16],
					"texture": "#0",
					"rotation": 90
				},
				"east": {
					"uv": [0, 0, 16, 16],
					"texture": "#0",
					"rotation": 270
				},
				"south": {
					"uv": [0, 0, 16, 16],
					"texture": "#0",
					"rotation": 270
				},
				"west": {
					"uv": [0, 0, 16, 16],
					"texture": "#0",
					"rotation": 270
				},
				"up": {
					"uv": [0, 0, 16, 16],
					"texture": "#0",
					"rotation": 270
				},
				"down": {
					"uv": [0, 0, 16, 16],
					"texture": "#0",
					"rotation": 270
				}
			}
		}
	],
	"display": {
		"head": {
			"scale": [1.6, 1.6, 1.6],
			"translation": [25.75, 21.5, 0]
		},
		"thirdperson_righthand": {"scale": [0.3, 0.3, 0.3]},
		"thirdperson_lefthand": {"scale": [0.3, 0.3, 0.3]},
		"firstperson_righthand": {"scale": [0.3, 0.3, 0.3]},
		"firstperson_lefthand": {"scale": [0.3, 0.3, 0.3]},
		"ground": {"scale": [0.3, 0.3, 0.3]},
		"fixed": {"scale": [0.3, 0.3, 0.3]},
		"gui": {"scale": [0.2, 0.2, 0.2]}
	},
	"groups": [
		{
			"name": "hexadecagon",
			"isOpen": true,
			"shade": true,
			"display": {"visibility": true, "autouv": false},
			"children": [0, 1]
		}
	]
}